{
  "gov_count": 12,
  "rail_count": 448,
  "bounds": [
    34.95870116900005,
    29.180963090000034,
    39.30188650000014,
    33.37406350300017
  ]
}